,Vertex Cover,Vertex Cover nodes
0,0.0463,25
1,0.0575,26
2,0.0786,24
3,0.0903,22
4,0.0996,23
5,0.1156,20
6,0.1219,29
7,0.1369,27
8,0.147,21
9,0.1585,28
10,0.1618,18
11,0.17,19
12,0.1857,30
13,0.1942,31
14,0.2074,0
15,0.2074,1
16,0.2148,2
17,0.2354,3
18,0.2474,4
19,0.2474061450553857,5
20,0.2649,6
21,0.2679,7
22,0.2812,8
23,0.2812133072407045,9
24,0.2864,10
25,0.3033,11
26,0.304,12
27,0.318,13
28,0.3263,14
29,0.33036666666666664,15
30,0.3331,16
31,0.3433,17
