,High Degree,High Degree nodes,Centrality,Centrality nodes,Temparature,Temperature nodes,Random,Random nodes,Low Degree,Low degree nodes
0,0.1764,2,0.181,2,0.1817,5,0.1749,4,0.1627,1
1,0.1914,5,0.1864,5,0.1933,2,0.1788,1,0.174,4
2,0.1964,0,0.1942,0,0.1988,0,0.18,2,0.184,0
3,0.2008,3,0.1984,3,0.19879345015800057,1,0.1908,3,0.188,3
4,0.2104,1,0.20373333333333332,1,0.2122,4,0.1987,5,0.1929,2
5,0.2163,4,0.2127,4,0.2223,3,0.2142,0,0.2116,5
