,Vertex Cover,Vertex Cover nodes
0,0.0372,5
1,0.0432,11
2,0.0532,17
3,0.05322685553226855,23
4,0.0625,29
5,0.06253378987204902,2
6,0.0656,8
7,0.0712,14
8,0.0712309413080591,20
9,0.079,26
10,0.0801,3
11,0.0835,9
12,0.0893,15
13,0.0922,21
14,0.0929,27
15,0.1026,4
16,0.1077,10
17,0.10773370540163445,16
18,0.1106,22
19,0.1187,28
20,0.1241,0
21,0.1292,1
22,0.1333,6
23,0.1395,7
24,0.1412,12
25,0.1476,13
26,0.15653333333333333,18
27,0.1584,19
28,0.1644,24
29,0.1691,25
