,Lazy Greedy,Lazy nodes,Greedy,Greedy nodes,Optimal,Optimal nodes
0,0.3811327687079689,6,0.3811327687079689,6,0.3811327687079689,0
1,0.5340501938658714,4,0.5340501938658714,4,0.5340501938658714,1
2,0.6533241039948835,5,0.6533241039948835,5,0.6533241039948835,2
3,0.7130161110768122,0,0.7130161110768122,0,0.7130161110768122,3
4,0.7695816496483171,2,0.7695816496483171,2,0.7695816496483171,4
5,0.8041157742692518,3,0.8041157742692517,1,0.8041157742692517,5
6,0.8386331141666236,1,0.8386331141666236,3,0.8386331141666236,6
