,High Degree,High Degree nodes,Centrality,Centrality nodes,Temparature,Temperature nodes,Random,Random nodes,Low Degree,Low degree nodes
0,0.0403,5,0.0355,5,0.0381,29,0.0355,10,0.0365,1
1,0.0416,11,0.0419,11,0.0476,5,0.0376,8,0.0365030870091019,7
2,0.0472,17,0.0482,17,0.0506,11,0.0425,24,0.0418,13
3,0.0549,23,0.0556,23,0.0515,17,0.0495,29,0.0425,19
4,0.0571,29,0.0571,29,0.0595,23,0.0503,13,0.0459,25
5,0.0678,0,0.0615,0,0.0626,2,0.0581,21,0.0537,0
6,0.06782529453882705,2,0.0719,6,0.0677,3,0.0584,25,0.05370597186653305,2
7,0.07,3,0.0755,12,0.06771375548816368,4,0.0671,16,0.0547,3
8,0.0771,4,0.0849,18,0.0746,8,0.06712058637496744,6,0.0657,4
9,0.083,6,0.0886,24,0.0791,9,0.0758,11,0.0728,6
10,0.0903,8,0.08860759493670886,2,0.0823,10,0.07582248807695417,9,0.07280080889787664,8
11,0.0909,9,0.0921,3,0.0841,14,0.0801,3,0.0747,9
12,0.0948,10,0.1039,4,0.0882,15,0.0838,26,0.0798,10
13,0.0972,12,0.1052,8,0.0941,16,0.09296666666666667,23,0.0879,12
14,0.1067,14,0.1141,9,0.0967,20,0.0986,19,0.0941,14
15,0.1088,15,0.11410217191801775,10,0.105,21,0.09860664523043944,4,0.09414893617021276,15
16,0.1119,16,0.1223,14,0.11,22,0.1031,0,0.0984,16
17,0.1159,18,0.1238,15,0.11,26,0.1056,1,0.1064,18
18,0.1222,20,0.1274,16,0.1149,27,0.1152,5,0.1068,20
19,0.123,21,0.1305,20,0.118,28,0.1273,12,0.1131,21
20,0.1282,22,0.1319,21,0.1212,0,0.1338,27,0.1131141132009904,22
21,0.1326,24,0.1378,22,0.12413333333333333,1,0.135,7,0.11903333333333334,24
22,0.1482,26,0.1418,26,0.1341,7,0.13500714124633542,20,0.1239,26
23,0.14820415879017013,27,0.1455,27,0.1371,13,0.1414,15,0.1311,27
24,0.1487,28,0.1515,28,0.1386,19,0.14141113426615065,28,0.1393,28
25,0.1529,1,0.1515064052751937,1,0.14666666666666667,25,0.1466,2,0.142,5
26,0.1541,7,0.1567,7,0.14667859984089102,6,0.1525,18,0.1526,11
27,0.1665,13,0.1586,13,0.159,12,0.1556,14,0.1527,17
28,0.16651418115279049,19,0.1666,19,0.1614,18,0.1584,17,0.1568,23
29,0.16657271702367532,25,0.1679,25,0.1658,24,0.171,22,0.1698,29
