,Vertex Cover,Vertex Cover nodes
0,0.0356,5
1,0.03743333333333333,11
2,0.0388,17
3,0.0418,23
4,0.044,29
5,0.046,2
6,0.0492,8
7,0.04921504198612632,14
8,0.05146666666666667,20
9,0.0537,26
10,0.0565,3
11,0.0592,9
12,0.0593,15
13,0.0616,21
14,0.061609044732098966,27
15,0.066,4
16,0.066030230708035,10
17,0.06603490673544053,16
18,0.0723,22
19,0.07230443974630021,28
20,0.0746,0
21,0.0746,1
22,0.0791,6
23,0.0828,7
24,0.0865,12
25,0.0865001220603792,13
26,0.091,18
27,0.0926,19
28,0.0972,24
29,0.0993,25
