,High Degree,High Degree nodes,Centrality,Centrality nodes,Temparature,Temperature nodes,Random,Random nodes,Low Degree,Low degree nodes
0,0.0367,5,0.0338,5,0.0358,29,0.0313,21,0.033433333333333336,1
1,0.0377,11,0.0383,11,0.0394,5,0.0368,7,0.0372,7
2,0.0384,17,0.0395,17,0.03940522342379106,11,0.0387,11,0.03721660560315143,13
3,0.0446,23,0.0442,23,0.0417,17,0.0392,27,0.037066666666666664,19
4,0.0452,29,0.0461,29,0.0453,23,0.0393,20,0.039,25
5,0.0486,0,0.0496,0,0.0477,2,0.0433,9,0.039019879796578824,0
6,0.0509,2,0.055,6,0.0487,3,0.0442,25,0.0434,2
7,0.050927260497741905,3,0.052533333333333335,12,0.04870986970961424,4,0.04422442244224423,2,0.045,3
8,0.0557,4,0.054,18,0.0487173587944323,8,0.0485,10,0.0469,4
9,0.0596,6,0.0595,24,0.0555,9,0.0487,12,0.0469,6
10,0.0606,8,0.0636,2,0.05550509637703098,10,0.0506,28,0.05313333333333333,8
11,0.0612,9,0.0637,3,0.05555068012286091,14,0.0515,5,0.053143150657868746,9
12,0.0632,10,0.06374060893633847,4,0.0581,15,0.0559,1,0.0571,10
13,0.062066666666666666,12,0.0689,8,0.0618,16,0.0571,23,0.057107188479851356,12
14,0.0666,14,0.0693,9,0.0621,20,0.0571,19,0.0604,14
15,0.0687,15,0.07,10,0.06446666666666667,21,0.0642,16,0.0604251012145749,15
16,0.06872549019607843,16,0.0719,14,0.0644744685078482,22,0.0659,4,0.0646,16
17,0.07193333333333334,18,0.0749,15,0.0702,26,0.0685,8,0.0652,18
18,0.0787,20,0.0773,16,0.07020048414126993,27,0.07,18,0.0685,20
19,0.0788,21,0.07732382780367425,20,0.0714,28,0.0703,17,0.0698,21
20,0.07883349012229539,22,0.0796,21,0.075,0,0.0753,13,0.0718,22
21,0.083,24,0.0803,22,0.0795,1,0.07530674846625766,14,0.0752,24
22,0.0851,26,0.0835,26,0.0771,7,0.0806,3,0.07743333333333334,26
23,0.08456666666666666,27,0.08350748867990247,27,0.0791,13,0.08064363464268812,29,0.07746666666666667,27
24,0.0877,28,0.0858,28,0.0865,19,0.0855,24,0.07748801892076927,28
25,0.09006666666666667,1,0.08582089552238806,1,0.08493333333333333,25,0.0876,0,0.0802,5
26,0.0918,7,0.0887,7,0.0905,6,0.0889,22,0.0855,11
27,0.0963,13,0.08871736230226797,13,0.09054278264991704,12,0.0974,6,0.09,17
28,0.0971,19,0.09833333333333333,19,0.0936,18,0.09339813203735925,15,0.0949,23
29,0.0981,25,0.1008,25,0.0953,24,0.1,26,0.0984,29
