,High Degree,High Degree nodes,Centrality,Centrality nodes,Temparature,Temperature nodes,Random,Random nodes,Low Degree,Low degree nodes
0,0.0564,5,0.0587,5,0.0542,29,0.045,28,0.0471,1
1,0.082,11,0.0891,11,0.0832,5,0.0689,6,0.06,7
2,0.1109,17,0.1143,17,0.1071,11,0.0843,1,0.0746,13
3,0.1319,23,0.1347,23,0.1377,17,0.1063,25,0.0828,19
4,0.1579,29,0.1547,29,0.1594,23,0.1309,24,0.1015,25
5,0.1813,0,0.1798,0,0.1731,2,0.1529,2,0.1311,0
6,0.2018,2,0.1973,6,0.1904,3,0.165,14,0.1486,2
7,0.2167,3,0.215,12,0.2021,4,0.1877,19,0.1776,3
8,0.2293,4,0.2402,18,0.2178,8,0.1974,3,0.1925,4
9,0.2446,6,0.2593,24,0.2391,9,0.2136,13,0.2108,6
10,0.259,8,0.2724,2,0.2562,10,0.2337,21,0.2238,8
11,0.2718,9,0.2879,3,0.2674,14,0.2549,16,0.2396,9
12,0.2812,10,0.2951,4,0.2867,15,0.269,18,0.2608,10
13,0.3014,12,0.3143,8,0.3002,16,0.288,5,0.2848,12
14,0.3181,14,0.3209,9,0.3074,20,0.3026,20,0.2949,14
15,0.3293,15,0.3394,10,0.3262,21,0.3179,27,0.3081,15
16,0.3442,16,0.3498,14,0.3328,22,0.34,23,0.3144,16
17,0.3597,18,0.3665333333333333,15,0.3561,26,0.3629,29,0.3323,18
18,0.3784,20,0.3763,16,0.3627,27,0.3673,4,0.347,20
19,0.3872,21,0.3919,20,0.3813,28,0.3799,0,0.3698,21
20,0.3929,22,0.3965,21,0.3906,0,0.3927,11,0.3854,22
21,0.4023,24,0.4109,22,0.4133,1,0.4039,9,0.3979,24
22,0.4252,26,0.4280333333333333,26,0.4185,7,0.4202,8,0.4078,26
23,0.4365,27,0.4418,27,0.4271,13,0.4247,10,0.4173,27
24,0.4453,28,0.4486,28,0.4392,19,0.4453,7,0.4378,28
25,0.4532,1,0.464,1,0.4517,25,0.4607,12,0.4479,5
26,0.4733,7,0.4691,7,0.4645,6,0.4676,22,0.4584,11
27,0.4791,13,0.4781,13,0.4686,12,0.4775,15,0.472,17
28,0.4807,19,0.4857,19,0.4859,18,0.4841,17,0.4808,23
29,0.497,25,0.4992,25,0.4966,24,0.5047,26,0.4994,29
