,High Degree,High Degree nodes,Centrality,Centrality nodes,Temparature,Temperature nodes,Random,Random nodes,Low Degree,Low degree nodes
0,0.0462,5,0.0415,5,0.0456,29,0.0417,14,0.0382,1
1,0.0586,11,0.0571,11,0.0644,5,0.0515,29,0.045,7
2,0.076,17,0.0723,17,0.0695,11,0.0669,18,0.0529,13
3,0.089,23,0.084,23,0.087,17,0.0769,5,0.0598,19
4,0.1009,29,0.1,29,0.0965,23,0.0926,24,0.07,25
5,0.1106,0,0.115,0,0.1104,2,0.1134,0,0.0843,0
6,0.122,2,0.1231,6,0.1172,3,0.1267,17,0.0974,2
7,0.1394,3,0.1437,12,0.1315,4,0.12672893838692295,26,0.1059,3
8,0.149,4,0.1564,18,0.1425,8,0.1465,2,0.1173,4
9,0.1599,6,0.1617,24,0.15,9,0.1513,1,0.13,6
10,0.1727,8,0.1758,2,0.1637,10,0.1633,15,0.1378,8
11,0.1778,9,0.1888,3,0.1741,14,0.1701,11,0.154,9
12,0.1888,10,0.1992,4,0.1745,15,0.1801,9,0.1632,10
13,0.1973,12,0.2079,8,0.1912,16,0.1911,10,0.1726,12
14,0.2081,14,0.2145,9,0.2007,20,0.2086,4,0.181,14
15,0.214,15,0.2177,10,0.2079,21,0.2116,7,0.1932,15
16,0.2297,16,0.2326,14,0.2182,22,0.223,27,0.2038,16
17,0.2306,18,0.23886666666666667,15,0.2223,26,0.2327,23,0.22086666666666666,18
18,0.2565,20,0.2463,16,0.2272,27,0.2508,19,0.23,20
19,0.2566,21,0.2526,20,0.2392,28,0.2508198257284737,21,0.23004086514502142,21
20,0.2602,22,0.2697,21,0.2531,0,0.2621,13,0.2398,22
21,0.27003333333333335,24,0.2716,22,0.264,1,0.26210587940118757,28,0.2478,24
22,0.2722,26,0.2742,26,0.2686,7,0.2766,16,0.2651,26
23,0.2931,27,0.2884,27,0.2854,13,0.2857,22,0.2727,27
24,0.2936,28,0.294,28,0.28542684679505603,19,0.2927,12,0.279,28
25,0.3015,1,0.3049,1,0.2966,25,0.2987,8,0.2969,5
26,0.3167,7,0.308,7,0.3105,6,0.3131,25,0.30443333333333333,11
27,0.3198,13,0.3235,13,0.3243,12,0.3163,3,0.3223,17
28,0.3234,19,0.3273333333333333,19,0.3255,18,0.3243,6,0.3297,23
29,0.3307,25,0.3391,25,0.3274,24,0.3367,20,0.3331,29
